chain_A,chain_B,TMscore
1AEL_A,1URE_A,0.80656
1BV2_A,1UVB_A,0.82641
1C54_A,1RGH_B,0.89857
1EAL_A,1EIO_A,0.83689
1F3Y_A,1JKN_A,0.82528
1FMF_A,1ID8_A,0.70031
1GH1_A,1CZ2_A,0.78371
1GQN_A,1QFE_B,0.98137
1GQZ_A,2GKE_A,0.8763
1HSI_B,1HSH_D,0.94221
1I56_A,1EL1_A,0.86836
1IGP_A,2AU6_A,0.97528
1JFJ_A,1JFK_A,0.53259
1K2H_A,1ZFS_B,0.52066
1LIP_A,1JTB_A,0.67509
1MUT_A,1PUN_A,0.65543
1MX7_A,1MX8_A,0.91326
1NTR_A,1KRX_A,0.7105
1O1U_A,1O1V_A,0.88961
1PDB_A,1YHO_A,0.93511
1TFU_A,3UC5_A,0.96727
1TJD_A,1EEJ_B,0.88661
1XSA_A,1XSC_A,0.84167
1Z15_A,1Z17_A,0.69137
2CJO_A,1ROE_A,0.60864
2D9E_A,2RS9_B,0.88665
2F63_A,1EQM_A,0.82701
2FHM_A,2HLT_A,0.89224
2IN2_A,2B0F_A,0.90915
2JU3_A,2JU8_A,0.75585
2JWW_A,1RTP_1,0.7584
2K43_A,2K8R_A,0.74312
2L50_A,2L51_B,0.77238
2L68_A,2LKK_A,0.95856
2LAO_A,1LAH_E,0.71294
2LHS_A,2BEM_A,0.92676
2NLN_A,1RRO_A,0.65718
2P3M_A,2VBT_A,0.87068
2UZ5_A,2VCD_A,0.78556
4AKE_B,2ECK_B,0.6887
1IJA_A,2KID_A,0.80326
1JM4_B,1WUM_A,0.81256
1MO7_A,1MO8_A,0.8316
1SKT_A,1TNQ_A,0.57484
1SYM_B,1XYD_B,0.58116
1W4U_A,1UR6_A,0.76067
2KXL_A,2K0G_A,0.72183
2LKC_A,2LKD_A,0.80667
1LMZ_A,1P7M_A,0.86741
2CG7_A,2CG6_A,0.58395
1URP_D,2DRI_A,0.76218
1ORM_A,1QJ8_A,0.56591
1PFL_A,1FIL_A,0.89035
1FSF_A,1FQO_B,0.96975
1AKZ_A,1SSP_E,0.94441
2AI6_A,2OZW_A,0.93468
1VR6_A,1RZM_A,0.80924
1Y3Q_A,1Y3N_A,0.77853
1GUD_A,1RPJ_A,0.76355
1EX6_B,1EX7_A,0.78325
1WD7_B,1WCW_A,0.73275
1W0J_E,1E1R_F,0.82826
1RF5_A,1RF4_A,0.84492
1S2O_A,1TJ5_A,0.81531
1K5H_A,1Q0Q_A,0.8654
1ZOL_A,1O03_A,0.83766
1VIY_C,1VHL_A,0.89732
1ZA1_A,1Q95_A,0.94372
1JEJ_A,1JG6_A,0.92519
1HOO_B,1CG0_A,0.9427
1E5L_A,1E5Q_A,0.91684
1HW1_B,1H9G_A,0.93035
1L0W_B,1G51_A,0.96543
1OTJ_D,1GY9_A,0.94961
1EVK_A,1EVL_A,0.95845
1G6W_D,1K0B_C,0.96162
1NJG_B,1NJF_A,0.95377
1RKA_A,1GQT_A,0.97034
1K6W_A,1K70_A,0.98376
1YL5_B,1YL7_A,0.95797
6OY9_B,1A0R_B,0.94683
1A6D_A,1A6E_A,0.99177
2RCS_H,1AJ7_H,0.57446
1AW2_A,1AW1_B,0.98334
1RKM_A,1B6H_A,0.88495
7AZP_A,4PJ1_A,0.63845
4LP5_A,4P2Y_A,0.75964
1CFC_A,5DOW_A,0.41441
2KQ2_A,2KW4_A,0.33954
1DMO_A,3CLN_A,0.32546
