chain_A,chain_B,TMscore
1K0N_A,1RK4_B,0.80351
1MNM_C,1MNM_D,0.75257
1NQJ_B,1NQD_A,0.88441
1NOC_A,1QOM_B,0.8793
1QS8_B,1MIQ_B,0.87044
1REP_C,2Z9O_B,0.5939
1UXM_K,2NAM_A,0.18512
1X0G_A,1X0G_D,0.55323
1XJU_B,1XJT_A,0.76203
1XNT_A,3LQC_A,0.72217
2HDM_A,2N54_B,0.33784
2OUG_C,6C6S_D,0.59234
3HDF_A,3HDE_A,0.77421
3IFA_A,5ET5_A,0.96917
3J7W_B,3J7V_G,0.69622
3JV6_A,1ZK9_A,0.53404
3KUY_A,5C3I_F,0.7953
3M1B_F,3LOW_A,0.54691
3O44_A,1XEZ_A,0.60135
3QY2_A,1QB3_A,0.78319
3TP2_A,5LJ3_M,0.31168
3UYI_A,3V0T_A,0.92492
3ZWG_N,4TSY_D,0.85065
4AAN_A,4AAL_A,0.88026
4GQC_C,4GQC_B,0.91967
4J3O_F,2JMR_A,0.80276
5HK5_H,4JPH_B,0.72657
4NC9_C,4N9W_A,0.82928
4O0P_A,4O01_D,0.84779
4PHQ_A,2WCD_X,0.509
4PYI_A,4PYJ_A,0.882
4QHF_A,4QHH_A,0.64545
4RWN_A,4RWQ_B,0.89392
4UV2_D,4Q79_F,0.76392
4Y0M_J,4XWS_D,0.93191
4ZRB_C,4ZRB_H,0.92908
5LY6_B,5AOE_B,0.47849
5C1V_A,5C1V_B,0.94096
5FLU_E,2UY7_D,0.72565
5HMG_A,3ZTJ_E,0.99371
5I2M_A,5I2S_A,0.37327
5JZH_A,5JZT_G,0.57281
5KEQ_F,1DZL_A,0.93
5L35_D,5L35_G,0.89498
3R9J_C,2KXO_A,0.41989
1CEE_B,2K42_A,0.28474
2H44_A,1RKP_A,0.92729
2GRM_B,2AXZ_A,0.95047
2C1V_B,2C1U_C,0.87194
3KDS_G,2CE7_C,0.5474
2GED_B,1NRJ_B,0.6081
2LEL_A,2K0Q_A,0.54195
2LV1_A,6LNI_A,0.25079
2KKW_A,2N0A_D,0.18927
1IYT_A,2NAO_F,0.22988
2MWF_A,2NNT_A,0.20292
1JFK_A,2NXQ_B,0.43261
2P3V_D,2P3V_A,0.95562
5JYT_A,2QKE_E,0.45329
3G0H_A,3EWS_B,0.62596
2VFX_L,3GMH_L,0.70005
3J9C_A,4H2A_A,0.73689
3NJQ_A,2PBK_B,0.84874
3T1P_A,1KCT_A,0.81432
4OW6_B,4AE0_A,0.64985
4B3O_B,3MEE_A,0.45449
4DXT_A,4DXR_A,0.92885
4G0D_Z,4FU4_C,0.32644
2LEP_A,4HDD_A,0.39617
4RMB_B,4RMB_A,0.95503
4YDQ_B,4TWA_A,0.94135
5BMY_A,5B3Z_A,0.9413
5EC5_P,3ZXG_B,0.57958
5F5R_B,5F3K_A,0.77933
5FHC_J,1EBO_E,0.24518
7AHL_E,4YHD_G,0.82568
6Z4U_A,7KDT_B,0.2321
