chain_A,chain_B,TMscore
4FU4_C,4G0D_W,0.39617
4FU4_C,4G0D_X,0.32117
4FU4_C,4G0D_Y,0.23303
4FU4_C,4G0D_Z,0.32644
1IYT_A,2NAO_A,0.2236
1IYT_A,2NAO_B,0.22018
1IYT_A,2NAO_C,0.21863
1IYT_A,2NAO_D,0.21984
1IYT_A,2NAO_E,0.23264
1IYT_A,2NAO_F,0.22988
2K0Q_A,2LEL_A,0.54195
6Z4U_A,7KDT_B,0.2321
4QHF_A,4QHH_A,0.64545
1JFK_A,2NXQ_A,0.45491
1JFK_A,2NXQ_B,0.43261
2KKW_A,2N0A_A,0.23008
2KKW_A,2N0A_B,0.26163
2KKW_A,2N0A_C,0.2163
2KKW_A,2N0A_D,0.18927
2KKW_A,2N0A_E,0.19366
2KKW_A,2N0A_F,0.19784
2KKW_A,2N0A_G,0.21996
2KKW_A,2N0A_H,0.22868
2KKW_A,2N0A_I,0.18012
2KKW_A,2N0A_J,0.23137
2OUG_A,6C6S_D,0.59261
5I2M_A,5I2S_A,0.37327
3T5O_A,4A5W_B,0.58687
