chain_A,chain_B,TMscore
6NBF_P,6NBI_P,0.57164
6NBH_P,6NBI_P,0.58185
7TYF_P,7TYI_P,0.54901
7TYI_P,7TYL_P,0.59741
7TYI_P,7TYX_P,0.57245
7TYI_P,7TZF_P,0.55147
6N4B_C,7CKW_G,0.69152
6N4B_C,7CKY_G,0.68306
6N4B_C,7CKZ_G,0.67952
6OT0_G,7CKZ_G,0.69794
7AUE_G,7CKY_G,0.69139
7AUE_G,7CKZ_G,0.68845
7BB7_F,7EO2_D,0.6634
7BB7_F,7EW2_C,0.67965
7BB7_F,7EW3_C,0.6711
7BB7_F,7EW4_C,0.69033
7BB7_F,7MTS_E,0.69842
7BB7_F,7T10_C,0.69035
7BB7_F,7T11_C,0.67283
7BB7_F,7VKT_D,0.66091
7CKW_G,7EW3_C,0.69324
7CKW_G,7EW4_C,0.68903
7CKW_G,7EW7_C,0.69905
7CKW_G,7FII_G,0.6928
7CKW_G,7MTS_E,0.6455
7CKW_G,7T10_C,0.65636
7CKW_G,7T11_C,0.67137
7CKW_G,7VKT_D,0.66672
7CKX_G,7MTS_E,0.69971
7CKY_G,7EW3_C,0.68275
7CKY_G,7EW4_C,0.68092
7CKY_G,7EW7_C,0.69205
7CKY_G,7FII_G,0.67956
7CKY_G,7MTS_E,0.65232
7CKY_G,7T10_C,0.65716
7CKY_G,7T11_C,0.66932
7CKY_G,7VKT_D,0.65068
7CKZ_G,7EW0_C,0.69416
7CKZ_G,7EW2_C,0.69197
7CKZ_G,7EW3_C,0.6765
7CKZ_G,7EW4_C,0.67921
7CKZ_G,7EW7_C,0.68603
7CKZ_G,7FII_G,0.67539
7CKZ_G,7MTS_E,0.66138
7CKZ_G,7T10_C,0.6578
7CKZ_G,7T11_C,0.6519
7CKZ_G,7VKT_D,0.64449
6YVR_AAA,6Z4Q_AAA,0.58628
6YVR_AAA,6Z66_AAA,0.5932
6YVR_AAA,6Z8N_AAA,0.59077
6YVR_AAA,6ZA8_AAA,0.59562
6YVR_AAA,6ZIN_AAA,0.5843
6Z4Q_AAA,6Z66_AAA,0.62969
6Z4Q_AAA,6Z8N_AAA,0.63994
6Z4Q_AAA,6ZA8_AAA,0.63904
6Z66_AAA,6ZIN_AAA,0.6363
6Z8N_AAA,6ZIN_AAA,0.63561
6ZA8_AAA,6ZIN_AAA,0.63352
6Z4S_AAA,6Z4V_AAA,0.564
4PHU_A,5KW2_A,0.63235
5KW2_A,5TZR_A,0.62521
7FII_R,7FIJ_R,0.63193
7MTQ_A,7MTR_A,0.67434
7MTQ_A,7MTS_A,0.68726
7WI6_A,7WIH_A,0.64333
7WI6_A,7WIH_B,0.64332
